address,rent,beds,baths,sqft,latitude,longitude,source,listing_url,property_type,room_type,opportunity_score,score_explanation,dist_km_memorial_union,dist_km_silo,convenience_800m_count,convenience_nearest_km,unitrans_stops_json,listing_rent_trend_json
"303 3rd St, Davis, CA 95616",1550,1,1.0,540,38.54501,-121.74012,sample_davis_ca,https://www.zillow.com/davis-ca/rentals/,Apartment,private,80.42,Rent efficiency looks strong for the layout; about 2.0 km from campus; Memorial Union 0.91 km · Silo 1.16 km · 1 convenience stores ≤800 m · 14 Unitrans stops ≤1.5 km; steps from downtown dining and errands; walkable cluster with 96 food and daily-life spots nearby; several transit stops within a short walk; versus median $1650 for 1br nearby,0.9072,1.1607,1,0.1821,"[{""name"": ""2nd St & E St / Downtown (WB)"", ""km"": 0.2}, {""name"": ""H St & 2nd St / Amtrak (SB)"", ""km"": 0.201}, {""name"": ""H St & 2nd St / Amtrak (NB)"", ""km"": 0.215}, {""name"": ""2nd St & E St / Downtown (EB)"", ""km"": 0.224}, {""name"": ""Davis, Ca (DAV)"", ""km"": 0.244}, {""name"": ""Davis"", ""km"": 0.27}, {""name"": ""Davis"", ""km"": 0.31}, {""name"": ""Amtrak"", ""km"": 0.31}, {""name"": ""Amtrak"", ""km"": 0.316}, {""name"": ""5th Street & D Street / Downtown (EB)"", ""km"": 0.326}, {""name"": ""5th Street & D Street / Downtown (WB)"", ""km"": 0.369}, {""name"": ""Davis"", ""km"": 0.373}, {""name"": ""F St & 6th St/Davis Food Co-op (SB)"", ""km"": 0.389}, {""name"": ""B St & 4th St / Central Park (NB)"", ""km"": 0.416}]","[{""year"": 2015, ""rent_est"": 920.0}, {""year"": 2016, ""rent_est"": 957.0}, {""year"": 2017, ""rent_est"": 1005.0}, {""year"": 2018, ""rent_est"": 1057.0}, {""year"": 2019, ""rent_est"": 1105.0}, {""year"": 2020, ""rent_est"": 1143.0}, {""year"": 2021, ""rent_est"": 1231.0}, {""year"": 2022, ""rent_est"": 1381.0}, {""year"": 2023, ""rent_est"": 1467.0}, {""year"": 2024, ""rent_est"": 1550.0}]"
"801 L St, Davis, CA 95616",1650,1,1.0,625,38.55134,-121.73988,sample_davis_ca,https://www.rent.com/california/davis-apartments,Condo,private,70.28,Rent efficiency looks strong for the layout; about 2.4 km from campus; Memorial Union 1.38 km · Silo 1.60 km · 0 convenience stores ≤800 m · 14 Unitrans stops ≤1.5 km; reachable to downtown without a long drive; walkable cluster with 32 food and daily-life spots nearby; several transit stops within a short walk; versus median $1550 for 1br nearby,1.3834,1.6035,0,0.8736,"[{""name"": ""Unitrans stop"", ""km"": 0.097}, {""name"": ""Unitrans stop"", ""km"": 0.109}, {""name"": ""F St & 8th St (NB)"", ""km"": 0.195}, {""name"": ""F St & 8th St (SB)"", ""km"": 0.202}, {""name"": ""F St & 6th Street/Davis Food Co-op (NB)"", ""km"": 0.309}, {""name"": ""F St & 6th St/Davis Food Co-op (SB)"", ""km"": 0.362}, {""name"": ""Unitrans stop"", ""km"": 0.423}, {""name"": ""F St & 12th St (NB)"", ""km"": 0.502}, {""name"": ""5th Street & D Street / Downtown (EB)"", ""km"": 0.563}, {""name"": ""5th Street & D Street / Downtown (WB)"", ""km"": 0.584}, {""name"": ""J St & Drexel Dr (SB)"", ""km"": 0.604}, {""name"": ""L St & 425 (SB)"", ""km"": 0.615}, {""name"": ""L St & 4th St (NB)"", ""km"": 0.666}, {""name"": ""J St & Drexel Dr (NB)"", ""km"": 0.688}]","[{""year"": 2015, ""rent_est"": 979.0}, {""year"": 2016, ""rent_est"": 1019.0}, {""year"": 2017, ""rent_est"": 1070.0}, {""year"": 2018, ""rent_est"": 1125.0}, {""year"": 2019, ""rent_est"": 1176.0}, {""year"": 2020, ""rent_est"": 1216.0}, {""year"": 2021, ""rent_est"": 1311.0}, {""year"": 2022, ""rent_est"": 1471.0}, {""year"": 2023, ""rent_est"": 1561.0}, {""year"": 2024, ""rent_est"": 1650.0}]"
"408 F St, Davis, CA 95616",1895,2,1.0,780,38.5439,-121.7385,sample_davis_ca,https://www.zillow.com/davis-ca/rentals/,Condo,private,70.12,Rent is reasonable on a per-bedroom basis; about 2.1 km from campus; Memorial Union 0.99 km · Silo 1.25 km · 1 convenience stores ≤800 m · 14 Unitrans stops ≤1.5 km; steps from downtown dining and errands; walkable cluster with 99 food and daily-life spots nearby; several transit stops within a short walk; versus median $1850 for 2br nearby,0.9947,1.2487,1,0.2238,"[{""name"": ""H St & 2nd St / Amtrak (SB)"", ""km"": 0.026}, {""name"": ""H St & 2nd St / Amtrak (NB)"", ""km"": 0.038}, {""name"": ""Davis, Ca (DAV)"", ""km"": 0.059}, {""name"": ""Davis"", ""km"": 0.083}, {""name"": ""Amtrak"", ""km"": 0.124}, {""name"": ""Amtrak"", ""km"": 0.129}, {""name"": ""Davis"", ""km"": 0.159}, {""name"": ""Davis"", ""km"": 0.212}, {""name"": ""2nd St & E St / Downtown (WB)"", ""km"": 0.223}, {""name"": ""2nd St & E St / Downtown (EB)"", ""km"": 0.249}, {""name"": ""3rd St & K St (WB)"", ""km"": 0.368}, {""name"": ""3rd St & K St (EB)"", ""km"": 0.39}, {""name"": ""2nd St & B St (EB)"", ""km"": 0.501}, {""name"": ""5th Street & D Street / Downtown (EB)"", ""km"": 0.513}]","[{""year"": 2015, ""rent_est"": 1125.0}, {""year"": 2016, ""rent_est"": 1170.0}, {""year"": 2017, ""rent_est"": 1229.0}, {""year"": 2018, ""rent_est"": 1292.0}, {""year"": 2019, ""rent_est"": 1351.0}, {""year"": 2020, ""rent_est"": 1397.0}, {""year"": 2021, ""rent_est"": 1505.0}, {""year"": 2022, ""rent_est"": 1689.0}, {""year"": 2023, ""rent_est"": 1793.0}, {""year"": 2024, ""rent_est"": 1895.0}]"
"1 Shields Ave, Davis, CA 95616",1750,2,1.0,760,38.5398,-121.7502,sample_davis_ca,https://www.apartments.com/davis-ca/,Apartment,shared,68.65,Rent is on the high side versus interior space; about 1.0 km from campus; Memorial Union 0.19 km · Silo 0.20 km · 1 convenience stores ≤800 m · 14 Unitrans stops ≤1.5 km; walkable cluster with 34 food and daily-life spots nearby; several transit stops within a short walk; versus median $1980 for 2br nearby,0.1911,0.2003,1,0.2809,"[{""name"": ""Unitrans stop"", ""km"": 0.121}, {""name"": ""Silo Terminal"", ""km"": 0.259}, {""name"": ""Silo Terminal"", ""km"": 0.284}, {""name"": ""Silo Terminal"", ""km"": 0.288}, {""name"": ""Silo Terminal"", ""km"": 0.288}, {""name"": ""Hutchinson Dr & California Way"", ""km"": 0.31}, {""name"": ""Silo Terminal"", ""km"": 0.318}, {""name"": ""Silo Terminal"", ""km"": 0.319}, {""name"": ""Silo Terminal"", ""km"": 0.324}, {""name"": ""Silo Terminal"", ""km"": 0.324}, {""name"": ""Memorial Union Terminal"", ""km"": 0.403}, {""name"": ""Memorial Union Terminal"", ""km"": 0.407}, {""name"": ""Memorial Union Terminal"", ""km"": 0.413}, {""name"": ""Memorial Union Terminal"", ""km"": 0.434}]","[{""year"": 2015, ""rent_est"": 1039.0}, {""year"": 2016, ""rent_est"": 1081.0}, {""year"": 2017, ""rent_est"": 1135.0}, {""year"": 2018, ""rent_est"": 1193.0}, {""year"": 2019, ""rent_est"": 1248.0}, {""year"": 2020, ""rent_est"": 1290.0}, {""year"": 2021, ""rent_est"": 1390.0}, {""year"": 2022, ""rent_est"": 1560.0}, {""year"": 2023, ""rent_est"": 1656.0}, {""year"": 2024, ""rent_est"": 1750.0}]"
"450 J St, Davis, CA 95616",2450,3,2.0,1180,38.5441,-121.7423,sample_davis_ca,https://www.trulia.com/for_rent/Davis_CA/,Single Family,private,61.54,Rent is on the high side versus interior space; about 1.8 km from campus; Memorial Union 0.69 km · Silo 0.95 km · 1 convenience stores ≤800 m · 14 Unitrans stops ≤1.5 km; steps from downtown dining and errands; walkable cluster with 97 food and daily-life spots nearby; several transit stops within a short walk; limited peer comps nearby,0.6925,0.9462,1,0.127,"[{""name"": ""2nd St & E St / Downtown (EB)"", ""km"": 0.138}, {""name"": ""2nd St & E St / Downtown (WB)"", ""km"": 0.144}, {""name"": ""2nd St & B St (EB)"", ""km"": 0.221}, {""name"": ""B St & 4th St / Central Park (NB)"", ""km"": 0.244}, {""name"": ""B St & 4th St / Central Park (SB)"", ""km"": 0.266}, {""name"": ""5th Street & D Street / Downtown (EB)"", ""km"": 0.317}, {""name"": ""5th Street & D Street / Downtown (WB)"", ""km"": 0.335}, {""name"": ""H St & 2nd St / Amtrak (SB)"", ""km"": 0.355}, {""name"": ""Davis"", ""km"": 0.366}, {""name"": ""Davis, Ca (DAV)"", ""km"": 0.366}, {""name"": ""H St & 2nd St / Amtrak (NB)"", ""km"": 0.369}, {""name"": ""Davis"", ""km"": 0.402}, {""name"": ""Amtrak"", ""km"": 0.443}, {""name"": ""Amtrak"", ""km"": 0.447}]","[{""year"": 2015, ""rent_est"": 1454.0}, {""year"": 2016, ""rent_est"": 1513.0}, {""year"": 2017, ""rent_est"": 1588.0}, {""year"": 2018, ""rent_est"": 1670.0}, {""year"": 2019, ""rent_est"": 1747.0}, {""year"": 2020, ""rent_est"": 1806.0}, {""year"": 2021, ""rent_est"": 1946.0}, {""year"": 2022, ""rent_est"": 2183.0}, {""year"": 2023, ""rent_est"": 2318.0}, {""year"": 2024, ""rent_est"": 2450.0}]"
"1100 Alvarado Ave, Davis, CA 95616",1380,1,1.0,520,38.5525,-121.7342,sample_davis_ca,https://www.zillow.com/davis-ca/rentals/,Apartment,shared,57.98,Rent efficiency looks strong for the layout; about 2.9 km from campus; Memorial Union 1.81 km · Silo 2.05 km · 0 convenience stores ≤800 m · 14 Unitrans stops ≤1.5 km; 12 walkable amenities in the corridor; several transit stops within a short walk; versus median $1550 for 1br nearby,1.8123,2.0495,0,1.1604,"[{""name"": ""Unitrans stop"", ""km"": 0.424}, {""name"": ""5th St & Davis Public Works Corp Yard (WB)"", ""km"": 0.492}, {""name"": ""L St & 425 (SB)"", ""km"": 0.519}, {""name"": ""L St & 4th St (NB)"", ""km"": 0.562}, {""name"": ""Unitrans stop"", ""km"": 0.605}, {""name"": ""F St & 8th St (NB)"", ""km"": 0.686}, {""name"": ""5th St & Pole Line Rd/D.M.V (WB)"", ""km"": 0.69}, {""name"": ""F St & 8th St (SB)"", ""km"": 0.713}, {""name"": ""5th St & Pole Line Rd/D.M.V (EB)"", ""km"": 0.728}, {""name"": ""J St & Drexel Dr (SB)"", ""km"": 0.737}, {""name"": ""F St & 6th Street/Davis Food Co-op (NB)"", ""km"": 0.749}, {""name"": ""3rd St & K St (WB)"", ""km"": 0.754}, {""name"": ""3rd St & K St (EB)"", ""km"": 0.762}, {""name"": ""F St & 6th St/Davis Food Co-op (SB)"", ""km"": 0.784}]","[{""year"": 2015, ""rent_est"": 819.0}, {""year"": 2016, ""rent_est"": 852.0}, {""year"": 2017, ""rent_est"": 895.0}, {""year"": 2018, ""rent_est"": 941.0}, {""year"": 2019, ""rent_est"": 984.0}, {""year"": 2020, ""rent_est"": 1017.0}, {""year"": 2021, ""rent_est"": 1096.0}, {""year"": 2022, ""rent_est"": 1230.0}, {""year"": 2023, ""rent_est"": 1306.0}, {""year"": 2024, ""rent_est"": 1380.0}]"
"1800 Shasta Dr, Davis, CA 95616",1980,2,1.0,820,38.54765,-121.7619,sample_davis_ca,https://www.rent.com/california/davis-apartments,Duplex,shared,52.84,Rent is reasonable on a per-bedroom basis; about 1.0 km from campus; Memorial Union 1.28 km · Silo 1.15 km · 0 convenience stores ≤800 m · 14 Unitrans stops ≤1.5 km; 12 walkable amenities in the corridor; several transit stops within a short walk; limited peer comps nearby,1.282,1.1463,0,1.1112,"[{""name"": ""Sycamore Ln & Russell/Trader Joe's (NB)"", ""km"": 0.01}, {""name"": ""Sycamore Ln & Russell/Trader Joe's (SB)"", ""km"": 0.032}, {""name"": ""Unitrans stop"", ""km"": 0.183}, {""name"": ""Davis (University Mall)"", ""km"": 0.304}, {""name"": ""Sycamore & 8th (SB)"", ""km"": 0.388}, {""name"": ""Sycamore Ln & 8th St (NB)"", ""km"": 0.424}, {""name"": ""Sycamore Ln & Cornell Drive (SB)"", ""km"": 0.675}, {""name"": ""Sycamore Ln & Cornell Drive (NB)"", ""km"": 0.696}, {""name"": ""Russell & Arthur St. (Westbound)"", ""km"": 0.802}, {""name"": ""Sycamore Ln & Bucknell Drive (NB)"", ""km"": 0.849}, {""name"": ""Sycamore Ln & Colby Drive (SB)"", ""km"": 0.891}, {""name"": ""Hutchison & Extension Center Drive"", ""km"": 0.973}, {""name"": ""Sycamore Ln & Villanova Drive (NB)"", ""km"": 1.009}, {""name"": ""Unitrans stop"", ""km"": 1.095}]","[{""year"": 2015, ""rent_est"": 1175.0}, {""year"": 2016, ""rent_est"": 1223.0}, {""year"": 2017, ""rent_est"": 1284.0}, {""year"": 2018, ""rent_est"": 1350.0}, {""year"": 2019, ""rent_est"": 1412.0}, {""year"": 2020, ""rent_est"": 1460.0}, {""year"": 2021, ""rent_est"": 1573.0}, {""year"": 2022, ""rent_est"": 1765.0}, {""year"": 2023, ""rent_est"": 1873.0}, {""year"": 2024, ""rent_est"": 1980.0}]"
"500 Pole Line Rd, Davis, CA 95618",1425,1,1.0,590,38.5634,-121.7321,sample_davis_ca,https://www.zillow.com/davis-ca/rentals/,Apartment,private,46.03,Rent is reasonable on a per-bedroom basis; about 3.8 km from campus; Memorial Union 2.87 km · Silo 3.08 km · 0 convenience stores ≤800 m · 14 Unitrans stops ≤1.5 km; 12 walkable amenities in the corridor; some nearby transit access; versus median $1495 for 1br nearby,2.8735,3.0778,0,2.2791,"[{""name"": ""Unitrans stop"", ""km"": 0.156}, {""name"": ""Unitrans stop"", ""km"": 0.361}, {""name"": ""J St & Cranbrook Ct (SB)"", ""km"": 0.701}, {""name"": ""Unitrans stop"", ""km"": 0.736}, {""name"": ""Unitrans stop"", ""km"": 0.771}, {""name"": ""J St & Menlo Dr (NB)"", ""km"": 0.781}, {""name"": ""J St & Drexel Dr (NB)"", ""km"": 0.987}, {""name"": ""J St & Drexel Dr (SB)"", ""km"": 1.055}, {""name"": ""Unitrans stop"", ""km"": 1.126}, {""name"": ""F St & Covell Blvd (NB)"", ""km"": 1.17}, {""name"": ""F St & Covell Blvd (SB)"", ""km"": 1.183}, {""name"": ""F St & 14th St (NB)"", ""km"": 1.193}, {""name"": ""F St & 12th St (NB)"", ""km"": 1.289}, {""name"": ""Unitrans stop"", ""km"": 1.298}]","[{""year"": 2015, ""rent_est"": 846.0}, {""year"": 2016, ""rent_est"": 880.0}, {""year"": 2017, ""rent_est"": 924.0}, {""year"": 2018, ""rent_est"": 971.0}, {""year"": 2019, ""rent_est"": 1016.0}, {""year"": 2020, ""rent_est"": 1051.0}, {""year"": 2021, ""rent_est"": 1132.0}, {""year"": 2022, ""rent_est"": 1270.0}, {""year"": 2023, ""rent_est"": 1348.0}, {""year"": 2024, ""rent_est"": 1425.0}]"
"250 Cowell Blvd, Davis, CA 95618",1495,1,1.0,580,38.5695,-121.731,sample_davis_ca,https://www.rent.com/california/davis-apartments,Apartment,private,45.66,Rent efficiency looks strong for the layout; about 4.4 km from campus; Memorial Union 3.51 km · Silo 3.70 km · 0 convenience stores ≤800 m · 8 Unitrans stops ≤1.5 km; 10 walkable amenities in the corridor; some nearby transit access; versus median $1595 for 1br nearby,3.5114,3.7028,0,2.5612,"[{""name"": ""Unitrans stop"", ""km"": 0.339}, {""name"": ""Unitrans stop"", ""km"": 0.396}, {""name"": ""Unitrans stop"", ""km"": 0.567}, {""name"": ""Unitrans stop"", ""km"": 0.823}, {""name"": ""Unitrans stop"", ""km"": 1.171}, {""name"": ""J St & Cranbrook Ct (SB)"", ""km"": 1.267}, {""name"": ""J St & Menlo Dr (NB)"", ""km"": 1.364}, {""name"": ""Unitrans stop"", ""km"": 1.458}]","[{""year"": 2015, ""rent_est"": 887.0}, {""year"": 2016, ""rent_est"": 923.0}, {""year"": 2017, ""rent_est"": 969.0}, {""year"": 2018, ""rent_est"": 1019.0}, {""year"": 2019, ""rent_est"": 1066.0}, {""year"": 2020, ""rent_est"": 1102.0}, {""year"": 2021, ""rent_est"": 1187.0}, {""year"": 2022, ""rent_est"": 1332.0}, {""year"": 2023, ""rent_est"": 1414.0}, {""year"": 2024, ""rent_est"": 1495.0}]"
"2000 Moore Blvd, Davis, CA 95618",1595,1,1.0,610,38.5712,-121.7238,sample_davis_ca,https://www.apartments.com/davis-ca/,Apartment,private,45.15,Rent efficiency looks strong for the layout; about 4.9 km from campus; Memorial Union 3.99 km · Silo 4.20 km · 0 convenience stores ≤800 m · 6 Unitrans stops ≤1.5 km; walkable cluster with 18 food and daily-life spots nearby; some nearby transit access; versus median $1495 for 1br nearby,3.9939,4.2028,0,2.9649,"[{""name"": ""Unitrans stop"", ""km"": 0.392}, {""name"": ""Unitrans stop"", ""km"": 0.688}, {""name"": ""Unitrans stop"", ""km"": 0.8}, {""name"": ""Unitrans stop"", ""km"": 0.855}, {""name"": ""Unitrans stop"", ""km"": 0.973}, {""name"": ""Unitrans stop"", ""km"": 1.174}]","[{""year"": 2015, ""rent_est"": 947.0}, {""year"": 2016, ""rent_est"": 985.0}, {""year"": 2017, ""rent_est"": 1034.0}, {""year"": 2018, ""rent_est"": 1087.0}, {""year"": 2019, ""rent_est"": 1137.0}, {""year"": 2020, ""rent_est"": 1176.0}, {""year"": 2021, ""rent_est"": 1267.0}, {""year"": 2022, ""rent_est"": 1421.0}, {""year"": 2023, ""rent_est"": 1509.0}, {""year"": 2024, ""rent_est"": 1595.0}]"
"720 Alvarado Ave, Davis, CA 95616",1850,2,1.0,850,38.55412,-121.73682,sample_davis_ca,https://www.zillow.com/davis-ca/rentals/,Apartment,private,44.14,Rent is on the high side versus interior space; about 2.8 km from campus; Memorial Union 1.79 km · Silo 2.01 km · 0 convenience stores ≤800 m · 14 Unitrans stops ≤1.5 km; 9 walkable amenities in the corridor; several transit stops within a short walk; limited peer comps nearby,1.7907,2.0113,0,1.2326,"[{""name"": ""Unitrans stop"", ""km"": 0.313}, {""name"": ""J St & Drexel Dr (SB)"", ""km"": 0.447}, {""name"": ""Unitrans stop"", ""km"": 0.461}, {""name"": ""J St & Drexel Dr (NB)"", ""km"": 0.499}, {""name"": ""F St & 8th St (NB)"", ""km"": 0.522}, {""name"": ""F St & 12th St (NB)"", ""km"": 0.527}, {""name"": ""J St & Menlo Dr (NB)"", ""km"": 0.578}, {""name"": ""F St & 8th St (SB)"", ""km"": 0.583}, {""name"": ""J St & Cranbrook Ct (SB)"", ""km"": 0.66}, {""name"": ""F St & 14th St (NB)"", ""km"": 0.668}, {""name"": ""F St & 6th Street/Davis Food Co-op (NB)"", ""km"": 0.711}, {""name"": ""L St & 425 (SB)"", ""km"": 0.73}, {""name"": ""F St & 6th St/Davis Food Co-op (SB)"", ""km"": 0.76}, {""name"": ""Unitrans stop"", ""km"": 0.77}]","[{""year"": 2015, ""rent_est"": 1098.0}, {""year"": 2016, ""rent_est"": 1143.0}, {""year"": 2017, ""rent_est"": 1199.0}, {""year"": 2018, ""rent_est"": 1261.0}, {""year"": 2019, ""rent_est"": 1319.0}, {""year"": 2020, ""rent_est"": 1364.0}, {""year"": 2021, ""rent_est"": 1469.0}, {""year"": 2022, ""rent_est"": 1649.0}, {""year"": 2023, ""rent_est"": 1750.0}, {""year"": 2024, ""rent_est"": 1850.0}]"
"1321 Alhambra Dr, Davis, CA 95616",2750,4,2.5,1450,38.55971,-121.72105,sample_davis_ca,https://www.apartments.com/davis-ca/,Single Family,private,42.72,Rent is on the high side versus interior space; about 4.3 km from campus; Memorial Union 3.20 km · Silo 3.44 km · 0 convenience stores ≤800 m · 14 Unitrans stops ≤1.5 km; walkable cluster with 20 food and daily-life spots nearby; several transit stops within a short walk; versus median $3200 for 4br nearby,3.2016,3.4429,0,2.2904,"[{""name"": ""Unitrans stop"", ""km"": 0.362}, {""name"": ""Unitrans stop"", ""km"": 0.412}, {""name"": ""Unitrans stop"", ""km"": 0.545}, {""name"": ""Unitrans stop"", ""km"": 0.626}, {""name"": ""5th St & San Rafael St (WB)"", ""km"": 0.876}, {""name"": ""5th St & Cantrill/Police Station (EB)"", ""km"": 0.898}, {""name"": ""5th St & Cantrill/Greystone (WB)"", ""km"": 0.908}, {""name"": ""5th St & Pena Drive (EB)"", ""km"": 0.922}, {""name"": ""5th St & Spafford (WB)"", ""km"": 0.962}, {""name"": ""Unitrans stop"", ""km"": 0.999}, {""name"": ""5th St & Spafford (WB)"", ""km"": 1.024}, {""name"": ""Unitrans stop"", ""km"": 1.088}, {""name"": ""Unitrans stop"", ""km"": 1.127}, {""name"": ""5th St & Post Office / Pole Line Rd (WB)"", ""km"": 1.183}]","[{""year"": 2015, ""rent_est"": 1632.0}, {""year"": 2016, ""rent_est"": 1699.0}, {""year"": 2017, ""rent_est"": 1783.0}, {""year"": 2018, ""rent_est"": 1875.0}, {""year"": 2019, ""rent_est"": 1961.0}, {""year"": 2020, ""rent_est"": 2027.0}, {""year"": 2021, ""rent_est"": 2184.0}, {""year"": 2022, ""rent_est"": 2451.0}, {""year"": 2023, ""rent_est"": 2602.0}, {""year"": 2024, ""rent_est"": 2750.0}]"
"600 Drake Dr, Davis, CA 95616",2200,3,2.0,1040,38.5489,-121.7256,sample_davis_ca,https://www.trulia.com/for_rent/Davis_CA/,Townhome,private,37.36,Rent is on the high side versus interior space; about 3.4 km from campus; Memorial Union 2.24 km · Silo 2.49 km · 0 convenience stores ≤800 m · 14 Unitrans stops ≤1.5 km; 10 walkable amenities in the corridor; several transit stops within a short walk; limited peer comps nearby,2.2378,2.4922,0,1.4685,"[{""name"": ""5th St & Post Office / Pole Line Rd (WB)"", ""km"": 0.105}, {""name"": ""5th St & Post Office / Pole Line (EB)"", ""km"": 0.107}, {""name"": ""5th St & Pole Line Rd/D.M.V (EB)"", ""km"": 0.164}, {""name"": ""5th St & Pole Line Rd/D.M.V (WB)"", ""km"": 0.193}, {""name"": ""5th St & Davis Public Works Corp Yard (WB)"", ""km"": 0.467}, {""name"": ""5th St & Cantrill/Greystone (WB)"", ""km"": 0.467}, {""name"": ""5th St & Cantrill/Police Station (EB)"", ""km"": 0.652}, {""name"": ""L St & 4th St (NB)"", ""km"": 0.753}, {""name"": ""L St & 425 (SB)"", ""km"": 0.775}, {""name"": ""3rd St & K St (EB)"", ""km"": 0.864}, {""name"": ""5th St & San Rafael St (WB)"", ""km"": 0.887}, {""name"": ""3rd St & K St (WB)"", ""km"": 0.889}, {""name"": ""5th St & Pena Drive (EB)"", ""km"": 0.983}, {""name"": ""Davis"", ""km"": 1.065}]","[{""year"": 2015, ""rent_est"": 1306.0}, {""year"": 2016, ""rent_est"": 1359.0}, {""year"": 2017, ""rent_est"": 1426.0}, {""year"": 2018, ""rent_est"": 1500.0}, {""year"": 2019, ""rent_est"": 1569.0}, {""year"": 2020, ""rent_est"": 1622.0}, {""year"": 2021, ""rent_est"": 1747.0}, {""year"": 2022, ""rent_est"": 1961.0}, {""year"": 2023, ""rent_est"": 2082.0}, {""year"": 2024, ""rent_est"": 2200.0}]"
"2500 Da Vinci Ct, Davis, CA 95618",2100,2,2.0,980,38.56201,-121.69452,sample_davis_ca,https://www.trulia.com/for_rent/Davis_CA/,Townhome,private,36.32,Rent is on the high side versus interior space; about 6.4 km from campus; Memorial Union 5.30 km · Silo 5.55 km · 1 convenience stores ≤800 m · 0 Unitrans stops ≤1.5 km; lighter immediate amenity density; several transit stops within a short walk; limited peer comps nearby,5.3,5.5534,1,0.5585,[],"[{""year"": 2015, ""rent_est"": 1246.0}, {""year"": 2016, ""rent_est"": 1297.0}, {""year"": 2017, ""rent_est"": 1362.0}, {""year"": 2018, ""rent_est"": 1432.0}, {""year"": 2019, ""rent_est"": 1497.0}, {""year"": 2020, ""rent_est"": 1548.0}, {""year"": 2021, ""rent_est"": 1668.0}, {""year"": 2022, ""rent_est"": 1872.0}, {""year"": 2023, ""rent_est"": 1987.0}, {""year"": 2024, ""rent_est"": 2100.0}]"
"425 Russell Blvd, Davis, CA 95616",2400,3,2.0,1150,38.55089,-121.75123,sample_davis_ca,https://www.apartments.com/davis-ca/,Single Family,private,36.27,Rent is on the high side versus interior space; about 1.7 km from campus; Memorial Union 1.06 km · Silo 1.14 km · 0 convenience stores ≤800 m · 14 Unitrans stops ≤1.5 km; 8 walkable amenities in the corridor; some nearby transit access; limited peer comps nearby,1.0631,1.1434,0,1.2023,"[{""name"": ""Unitrans stop"", ""km"": 0.566}, {""name"": ""Russell Blvd & A Street/City Hall (WB)"", ""km"": 0.623}, {""name"": ""Russell & A St (EB)"", ""km"": 0.637}, {""name"": ""Memorial Union Terminal"", ""km"": 0.784}, {""name"": ""Davis (University Mall)"", ""km"": 0.79}, {""name"": ""F St & 8th St (SB)"", ""km"": 0.79}, {""name"": ""Memorial Union Terminal"", ""km"": 0.793}, {""name"": ""5th Street & D Street / Downtown (WB)"", ""km"": 0.798}, {""name"": ""F St & 8th St (NB)"", ""km"": 0.805}, {""name"": ""Memorial Union Terminal"", ""km"": 0.809}, {""name"": ""Memorial Union Terminal"", ""km"": 0.834}, {""name"": ""Memorial Union Terminal"", ""km"": 0.836}, {""name"": ""Memorial Union Terminal"", ""km"": 0.838}, {""name"": ""B St & 4th St / Central Park (SB)"", ""km"": 0.842}]","[{""year"": 2015, ""rent_est"": 1424.0}, {""year"": 2016, ""rent_est"": 1482.0}, {""year"": 2017, ""rent_est"": 1556.0}, {""year"": 2018, ""rent_est"": 1636.0}, {""year"": 2019, ""rent_est"": 1711.0}, {""year"": 2020, ""rent_est"": 1769.0}, {""year"": 2021, ""rent_est"": 1906.0}, {""year"": 2022, ""rent_est"": 2139.0}, {""year"": 2023, ""rent_est"": 2271.0}, {""year"": 2024, ""rent_est"": 2400.0}]"
"815 Cranbrook Ct, Davis, CA 95616",2280,3,2.0,1080,38.5533,-121.7189,sample_davis_ca,https://www.trulia.com/for_rent/Davis_CA/,Townhome,private,35.81,Rent is on the high side versus interior space; about 4.1 km from campus; Memorial Union 2.97 km · Silo 3.22 km · 0 convenience stores ≤800 m · 14 Unitrans stops ≤1.5 km; 11 walkable amenities in the corridor; several transit stops within a short walk; limited peer comps nearby,2.97,3.2231,0,2.1238,"[{""name"": ""5th St & Cantrill/Police Station (EB)"", ""km"": 0.169}, {""name"": ""5th St & San Rafael St (WB)"", ""km"": 0.213}, {""name"": ""5th St & Cantrill/Greystone (WB)"", ""km"": 0.294}, {""name"": ""5th St & Pena Drive (EB)"", ""km"": 0.312}, {""name"": ""5th St & Spafford (WB)"", ""km"": 0.463}, {""name"": ""Unitrans stop"", ""km"": 0.554}, {""name"": ""5th St & Spafford (WB)"", ""km"": 0.567}, {""name"": ""5th St & Post Office / Pole Line Rd (WB)"", ""km"": 0.656}, {""name"": ""5th St & Post Office / Pole Line (EB)"", ""km"": 0.664}, {""name"": ""5th St & Pole Line Rd/D.M.V (EB)"", ""km"": 0.907}, {""name"": ""5th St & Pole Line Rd/D.M.V (WB)"", ""km"": 0.921}, {""name"": ""Unitrans stop"", ""km"": 0.972}, {""name"": ""5th St & Davis Public Works Corp Yard (WB)"", ""km"": 1.16}, {""name"": ""Unitrans stop"", ""km"": 1.235}]","[{""year"": 2015, ""rent_est"": 1353.0}, {""year"": 2016, ""rent_est"": 1408.0}, {""year"": 2017, ""rent_est"": 1478.0}, {""year"": 2018, ""rent_est"": 1554.0}, {""year"": 2019, ""rent_est"": 1626.0}, {""year"": 2020, ""rent_est"": 1681.0}, {""year"": 2021, ""rent_est"": 1811.0}, {""year"": 2022, ""rent_est"": 2032.0}, {""year"": 2023, ""rent_est"": 2157.0}, {""year"": 2024, ""rent_est"": 2280.0}]"
"812 Sycamore Ln, Davis, CA 95616",1725,2,1.0,745,38.5658,-121.7086,sample_davis_ca,https://www.rent.com/california/davis-apartments,Duplex,unknown,32.55,Rent is on the high side versus interior space; about 5.5 km from campus; Memorial Union 4.47 km · Silo 4.71 km · 0 convenience stores ≤800 m · 6 Unitrans stops ≤1.5 km; 16 walkable amenities in the corridor; limited nearby transit in OSM for this block; limited peer comps nearby,4.4709,4.7147,0,1.5391,"[{""name"": ""Unitrans stop"", ""km"": 0.868}, {""name"": ""Unitrans stop"", ""km"": 0.936}, {""name"": ""Unitrans stop"", ""km"": 1.145}, {""name"": ""Unitrans stop"", ""km"": 1.296}, {""name"": ""5th St & Spafford (WB)"", ""km"": 1.409}, {""name"": ""5th St & Spafford (WB)"", ""km"": 1.452}]","[{""year"": 2015, ""rent_est"": 1024.0}, {""year"": 2016, ""rent_est"": 1065.0}, {""year"": 2017, ""rent_est"": 1118.0}, {""year"": 2018, ""rent_est"": 1176.0}, {""year"": 2019, ""rent_est"": 1230.0}, {""year"": 2020, ""rent_est"": 1272.0}, {""year"": 2021, ""rent_est"": 1370.0}, {""year"": 2022, ""rent_est"": 1537.0}, {""year"": 2023, ""rent_est"": 1632.0}, {""year"": 2024, ""rent_est"": 1725.0}]"
"3333 Alvarado Ave, Davis, CA 95616",3100,4,3.0,1750,38.558,-121.7295,sample_davis_ca,https://www.apartments.com/davis-ca/,Single Family,private,29.22,Rent is on the high side versus interior space; about 3.6 km from campus; Memorial Union 2.53 km · Silo 2.76 km · 0 convenience stores ≤800 m · 14 Unitrans stops ≤1.5 km; lighter immediate amenity density; some nearby transit access; versus median $3200 for 4br nearby,2.5335,2.7635,0,1.8954,"[{""name"": ""Unitrans stop"", ""km"": 0.721}, {""name"": ""J St & Cranbrook Ct (SB)"", ""km"": 0.832}, {""name"": ""J St & Menlo Dr (NB)"", ""km"": 0.842}, {""name"": ""Unitrans stop"", ""km"": 0.94}, {""name"": ""Unitrans stop"", ""km"": 0.947}, {""name"": ""J St & Drexel Dr (NB)"", ""km"": 0.965}, {""name"": ""J St & Drexel Dr (SB)"", ""km"": 0.987}, {""name"": ""5th St & Cantrill/Greystone (WB)"", ""km"": 1.003}, {""name"": ""5th St & Davis Public Works Corp Yard (WB)"", ""km"": 1.024}, {""name"": ""5th St & Pole Line Rd/D.M.V (WB)"", ""km"": 1.031}, {""name"": ""5th St & Post Office / Pole Line Rd (WB)"", ""km"": 1.043}, {""name"": ""Unitrans stop"", ""km"": 1.052}, {""name"": ""5th St & Pole Line Rd/D.M.V (EB)"", ""km"": 1.058}, {""name"": ""Unitrans stop"", ""km"": 1.071}]","[{""year"": 2015, ""rent_est"": 1840.0}, {""year"": 2016, ""rent_est"": 1915.0}, {""year"": 2017, ""rent_est"": 2010.0}, {""year"": 2018, ""rent_est"": 2113.0}, {""year"": 2019, ""rent_est"": 2210.0}, {""year"": 2020, ""rent_est"": 2285.0}, {""year"": 2021, ""rent_est"": 2462.0}, {""year"": 2022, ""rent_est"": 2763.0}, {""year"": 2023, ""rent_est"": 2933.0}, {""year"": 2024, ""rent_est"": 3100.0}]"
"616 Cantrill Dr, Davis, CA 95616",3200,4,3.0,1680,38.5562,-121.7278,sample_davis_ca,https://www.apartments.com/davis-ca/,Single Family,private,28.74,Rent is on the high side versus interior space; about 3.6 km from campus; Memorial Union 2.50 km · Silo 2.74 km · 0 convenience stores ≤800 m · 14 Unitrans stops ≤1.5 km; 9 walkable amenities in the corridor; some nearby transit access; versus median $3100 for 4br nearby,2.5014,2.7406,0,1.8185,"[{""name"": ""5th St & Cantrill/Greystone (WB)"", ""km"": 0.758}, {""name"": ""5th St & Post Office / Pole Line Rd (WB)"", ""km"": 0.802}, {""name"": ""5th St & Pole Line Rd/D.M.V (WB)"", ""km"": 0.82}, {""name"": ""5th St & Post Office / Pole Line (EB)"", ""km"": 0.833}, {""name"": ""5th St & Pole Line Rd/D.M.V (EB)"", ""km"": 0.843}, {""name"": ""5th St & Davis Public Works Corp Yard (WB)"", ""km"": 0.861}, {""name"": ""5th St & Cantrill/Police Station (EB)"", ""km"": 0.905}, {""name"": ""Unitrans stop"", ""km"": 0.929}, {""name"": ""Unitrans stop"", ""km"": 0.95}, {""name"": ""J St & Menlo Dr (NB)"", ""km"": 1.031}, {""name"": ""J St & Cranbrook Ct (SB)"", ""km"": 1.037}, {""name"": ""Unitrans stop"", ""km"": 1.05}, {""name"": ""5th St & San Rafael St (WB)"", ""km"": 1.051}, {""name"": ""Unitrans stop"", ""km"": 1.087}]","[{""year"": 2015, ""rent_est"": 1899.0}, {""year"": 2016, ""rent_est"": 1977.0}, {""year"": 2017, ""rent_est"": 2075.0}, {""year"": 2018, ""rent_est"": 2182.0}, {""year"": 2019, ""rent_est"": 2282.0}, {""year"": 2020, ""rent_est"": 2359.0}, {""year"": 2021, ""rent_est"": 2542.0}, {""year"": 2022, ""rent_est"": 2852.0}, {""year"": 2023, ""rent_est"": 3028.0}, {""year"": 2024, ""rent_est"": 3200.0}]"
"3500 Sycamore Ln, Davis, CA 95616",2650,3,2.5,1320,38.5671,-121.7054,sample_davis_ca,https://www.rent.com/california/davis-apartments,Single Family,private,22.23,Rent is on the high side versus interior space; about 5.9 km from campus; Memorial Union 4.78 km · Silo 5.02 km · 0 convenience stores ≤800 m · 3 Unitrans stops ≤1.5 km; lighter immediate amenity density; limited nearby transit in OSM for this block; limited peer comps nearby,4.7801,5.0246,0,1.4454,"[{""name"": ""Unitrans stop"", ""km"": 1.181}, {""name"": ""Unitrans stop"", ""km"": 1.238}, {""name"": ""Unitrans stop"", ""km"": 1.443}]","[{""year"": 2015, ""rent_est"": 1573.0}, {""year"": 2016, ""rent_est"": 1637.0}, {""year"": 2017, ""rent_est"": 1718.0}, {""year"": 2018, ""rent_est"": 1807.0}, {""year"": 2019, ""rent_est"": 1889.0}, {""year"": 2020, ""rent_est"": 1954.0}, {""year"": 2021, ""rent_est"": 2105.0}, {""year"": 2022, ""rent_est"": 2362.0}, {""year"": 2023, ""rent_est"": 2507.0}, {""year"": 2024, ""rent_est"": 2650.0}]"
